<doc>
    <assembly>
        <name>Xamarin.Forms.Xaml</name>
    </assembly>
    <members>
        <member name="T:Xamarin.Forms.Xaml.ArrayExtension">
            <summary>Für die interne Verwendung durch die XAML-Infrastruktur.</summary>
        </member>
        <member name="C:Xamarin.Forms.Xaml.ArrayExtension">
            <summary>Für die interne Verwendung durch die XAML-Infrastruktur.</summary>
        </member>
        <member name="P:Xamarin.Forms.Xaml.ArrayExtension.Items">
            <summary>Für die interne Verwendung durch die XAML-Infrastruktur.</summary>
        </member>
        <member name="M:Xamarin.Forms.Xaml.ArrayExtension.ProvideValue(System.IServiceProvider)">
            <param name="serviceProvider">Für die interne Verwendung durch die XAML-Infrastruktur.</param>
            <summary>Für die interne Verwendung durch die XAML-Infrastruktur.</summary>
        </member>
        <member name="P:Xamarin.Forms.Xaml.ArrayExtension.Type">
            <summary>Für die interne Verwendung durch die XAML-Infrastruktur.</summary>
        </member>
        <member name="M:Xamarin.Forms.Xaml.ArrayExtension.Xamarin#Forms#Xaml#IMarkupExtension#ProvideValue(System.IServiceProvider)">
            <param name="serviceProvider">Für die interne Verwendung durch die XAML-Infrastruktur.</param>
            <summary>Für die interne Verwendung durch die XAML-Infrastruktur.</summary>
        </member>
        <member name="T:Xamarin.Forms.Xaml.BindingExtension">
            <summary>Für die interne Verwendung durch die XAML-Infrastruktur.</summary>
        </member>
        <member name="C:Xamarin.Forms.Xaml.BindingExtension">
            <summary>Für die interne Verwendung durch die XAML-Infrastruktur.</summary>
        </member>
        <member name="P:Xamarin.Forms.Xaml.BindingExtension.Converter">
            <summary>Für die interne Verwendung durch die XAML-Infrastruktur.</summary>
        </member>
        <member name="P:Xamarin.Forms.Xaml.BindingExtension.ConverterParameter">
            <summary>Für die interne Verwendung durch die XAML-Infrastruktur.</summary>
        </member>
        <member name="P:Xamarin.Forms.Xaml.BindingExtension.FallbackValue">
            <summary>Für die interne Verwendung durch die XAML-Infrastruktur.</summary>
        </member>
        <member name="P:Xamarin.Forms.Xaml.BindingExtension.Mode">
            <summary>Für die interne Verwendung durch die XAML-Infrastruktur.</summary>
        </member>
        <member name="P:Xamarin.Forms.Xaml.BindingExtension.Path">
            <summary>Für die interne Verwendung durch die XAML-Infrastruktur.</summary>
        </member>
        <member name="P:Xamarin.Forms.Xaml.BindingExtension.Source">
            <summary>Für die interne Verwendung durch die XAML-Infrastruktur.</summary>
        </member>
        <member name="P:Xamarin.Forms.Xaml.BindingExtension.StringFormat">
            <summary>Für die interne Verwendung durch die XAML-Infrastruktur.</summary>
        </member>
        <member name="P:Xamarin.Forms.Xaml.BindingExtension.TargetNullValue">
            <summary>Für die interne Verwendung durch die XAML-Infrastruktur.</summary>
        </member>
        <member name="P:Xamarin.Forms.Xaml.BindingExtension.TypedBinding">
            <summary>Für die interne Verwendung durch die XAML-Infrastruktur.</summary>
        </member>
        <member name="P:Xamarin.Forms.Xaml.BindingExtension.UpdateSourceEventName">
            <summary>Für die interne Verwendung durch die XAML-Infrastruktur.</summary>
        </member>
        <member name="M:Xamarin.Forms.Xaml.BindingExtension.Xamarin#Forms#Xaml#IMarkupExtension#ProvideValue(System.IServiceProvider)">
            <param name="serviceProvider">Für die interne Verwendung durch die XAML-Infrastruktur.</param>
            <summary>Für die interne Verwendung durch die XAML-Infrastruktur.</summary>
        </member>
        <member name="M:Xamarin.Forms.Xaml.BindingExtension.Xamarin#Forms#Xaml#IMarkupExtension{Xamarin#Forms#BindingBase}#ProvideValue(System.IServiceProvider)">
            <param name="serviceProvider">Für die interne Verwendung durch die XAML-Infrastruktur.</param>
            <summary>Für die interne Verwendung durch die XAML-Infrastruktur.</summary>
        </member>
        <member name="T:Xamarin.Forms.Xaml.DataTemplateExtension" />
        <member name="C:Xamarin.Forms.Xaml.DataTemplateExtension" />
        <member name="M:Xamarin.Forms.Xaml.DataTemplateExtension.ProvideValue(System.IServiceProvider)" />
        <member name="P:Xamarin.Forms.Xaml.DataTemplateExtension.TypeName" />
        <member name="M:Xamarin.Forms.Xaml.DataTemplateExtension.Xamarin#Forms#Xaml#IMarkupExtension#ProvideValue(System.IServiceProvider)" />
        <member name="T:Xamarin.Forms.Xaml.DynamicResourceExtension">
            <summary>Für die interne Verwendung durch die XAML-Infrastruktur.</summary>
        </member>
        <member name="C:Xamarin.Forms.Xaml.DynamicResourceExtension">
            <summary>Intern.</summary>
        </member>
        <member name="P:Xamarin.Forms.Xaml.DynamicResourceExtension.Key">
            <summary>Für die interne Verwendung durch die XAML-Infrastruktur.</summary>
        </member>
        <member name="M:Xamarin.Forms.Xaml.DynamicResourceExtension.ProvideValue(System.IServiceProvider)">
            <param name="serviceProvider">Für die interne Verwendung durch die XAML-Infrastruktur.</param>
            <summary>Für die interne Verwendung durch die XAML-Infrastruktur.</summary>
        </member>
        <member name="M:Xamarin.Forms.Xaml.DynamicResourceExtension.Xamarin#Forms#Xaml#IMarkupExtension{Xamarin#Forms#Internals#DynamicResource}#ProvideValue(System.IServiceProvider)">
            <param name="serviceProvider">Für die interne Verwendung durch die XAML-Infrastruktur.</param>
            <summary>Für die interne Verwendung durch die XAML-Infrastruktur.</summary>
        </member>
        <member name="T:Xamarin.Forms.Xaml.Extensions">
            <summary>Erweiterungsklasse für das <see cref="T:Xamarin.Forms.View" />-Objekt, das die <see cref="M:Xamarin.Forms.Xaml.Extensions.LoadFromXaml``1(``0,System.String)" />-Methode definiert.</summary>
        </member>
        <member name="M:Xamarin.Forms.Xaml.Extensions.LoadFromXaml``1(``0,System.String)">
            <typeparam name="TXaml">Der Typ der Ansicht mit dem Status von XAML initialisiert werden.</typeparam>
            <param name="view">Die Ansicht, auf die sich diese Methode auswirkt.</param>
            <param name="xaml">Der XAML-Code, der den Ansichtszustand codiert.</param>
            <summary>Gibt eine initialisierte Ansicht durch Laden des angegebenen <paramref name="xaml" />-Elements zurück.</summary>
            <returns>Die initialisierte Ansicht.</returns>
        </member>
        <member name="M:Xamarin.Forms.Xaml.Extensions.LoadFromXaml``1(``0,System.Type)">
            <typeparam name="TXaml">Der Typ der Ansicht mit dem Status von XAML initialisiert werden.</typeparam>
            <param name="view">Die Ansicht, auf die sich diese Methode auswirkt.</param>
            <param name="callingType">Der Aufrufertyp.</param>
            <summary>Gibt ein <paramref name="TXaml" />-Element mit den Eigenschaften zurück, die im Anwendungsmanifest für <paramref name="callingType" /> definiert sind.</summary>
            <returns>Ein <paramref name="TXaml" />-Element mit den Eigenschaften, die im Anwendungsmanifest für <paramref name="callingType" /> definiert sind.</returns>
        </member>
        <member name="T:Xamarin.Forms.Xaml.FontImageExtension" />
        <member name="C:Xamarin.Forms.Xaml.FontImageExtension" />
        <member name="P:Xamarin.Forms.Xaml.FontImageExtension.Color" />
        <member name="P:Xamarin.Forms.Xaml.FontImageExtension.FontFamily" />
        <member name="P:Xamarin.Forms.Xaml.FontImageExtension.Glyph" />
        <member name="M:Xamarin.Forms.Xaml.FontImageExtension.ProvideValue(System.IServiceProvider)" />
        <member name="P:Xamarin.Forms.Xaml.FontImageExtension.Size" />
        <member name="M:Xamarin.Forms.Xaml.FontImageExtension.Xamarin#Forms#Xaml#IMarkupExtension#ProvideValue(System.IServiceProvider)" />
        <member name="T:Xamarin.Forms.Xaml.NullExtension">
            <summary>Erweiterungsklasse, die zwischen Nullwerten und leeren Zeichenfolgen unterscheidet.</summary>
        </member>
        <member name="C:Xamarin.Forms.Xaml.NullExtension">
            <summary>Erstellt ein neues <see cref="T:Xamarin.Forms.Xaml.NullExtension" />-Objekt mit Standardwerten.</summary>
        </member>
        <member name="M:Xamarin.Forms.Xaml.NullExtension.ProvideValue(System.IServiceProvider)">
            <param name="serviceProvider">Für die interne Verwendung durch die XAML-Infrastruktur.</param>
            <summary>Gibt das NULL-Objekt zurück.</summary>
        </member>
        <member name="T:Xamarin.Forms.Xaml.OnIdiomExtension">
            <summary>Für die interne Verwendung durch die XAML-Infrastruktur.</summary>
        </member>
        <member name="C:Xamarin.Forms.Xaml.OnIdiomExtension">
            <summary>Für die interne Verwendung durch die XAML-Infrastruktur.</summary>
        </member>
        <member name="P:Xamarin.Forms.Xaml.OnIdiomExtension.Converter">
            <summary>Für die interne Verwendung durch die XAML-Infrastruktur.</summary>
        </member>
        <member name="P:Xamarin.Forms.Xaml.OnIdiomExtension.ConverterParameter">
            <summary>Für die interne Verwendung durch die XAML-Infrastruktur.</summary>
        </member>
        <member name="P:Xamarin.Forms.Xaml.OnIdiomExtension.Default">
            <summary>Für die interne Verwendung durch die XAML-Infrastruktur.</summary>
        </member>
        <member name="P:Xamarin.Forms.Xaml.OnIdiomExtension.Desktop">
            <summary>Für die interne Verwendung durch die XAML-Infrastruktur.</summary>
        </member>
        <member name="P:Xamarin.Forms.Xaml.OnIdiomExtension.Phone">
            <summary>Für die interne Verwendung durch die XAML-Infrastruktur.</summary>
        </member>
        <member name="M:Xamarin.Forms.Xaml.OnIdiomExtension.ProvideValue(System.IServiceProvider)">
            <summary>Für die interne Verwendung durch die XAML-Infrastruktur.</summary>
        </member>
        <member name="P:Xamarin.Forms.Xaml.OnIdiomExtension.Tablet">
            <summary>Für die interne Verwendung durch die XAML-Infrastruktur.</summary>
        </member>
        <member name="P:Xamarin.Forms.Xaml.OnIdiomExtension.TV">
            <summary>Für die interne Verwendung durch die XAML-Infrastruktur.</summary>
        </member>
        <member name="P:Xamarin.Forms.Xaml.OnIdiomExtension.Watch">
            <summary>Für die interne Verwendung durch die XAML-Infrastruktur.</summary>
        </member>
        <member name="T:Xamarin.Forms.Xaml.OnPlatformExtension">
            <summary>Für die interne Verwendung durch die XAML-Infrastruktur.</summary>
        </member>
        <member name="C:Xamarin.Forms.Xaml.OnPlatformExtension">
            <summary>Für die interne Verwendung durch die XAML-Infrastruktur.</summary>
        </member>
        <member name="P:Xamarin.Forms.Xaml.OnPlatformExtension.Android">
            <summary>Für die interne Verwendung durch die XAML-Infrastruktur.</summary>
        </member>
        <member name="P:Xamarin.Forms.Xaml.OnPlatformExtension.Converter">
            <summary>Für die interne Verwendung durch die XAML-Infrastruktur.</summary>
        </member>
        <member name="P:Xamarin.Forms.Xaml.OnPlatformExtension.ConverterParameter">
            <summary>Für die interne Verwendung durch die XAML-Infrastruktur.</summary>
        </member>
        <member name="P:Xamarin.Forms.Xaml.OnPlatformExtension.Default">
            <summary>Für die interne Verwendung durch die XAML-Infrastruktur.</summary>
        </member>
        <member name="P:Xamarin.Forms.Xaml.OnPlatformExtension.GTK">
            <summary>Für die interne Verwendung durch die XAML-Infrastruktur.</summary>
        </member>
        <member name="P:Xamarin.Forms.Xaml.OnPlatformExtension.iOS">
            <summary>Für die interne Verwendung durch die XAML-Infrastruktur.</summary>
        </member>
        <member name="P:Xamarin.Forms.Xaml.OnPlatformExtension.macOS">
            <summary>Für die interne Verwendung durch die XAML-Infrastruktur.</summary>
        </member>
        <member name="M:Xamarin.Forms.Xaml.OnPlatformExtension.ProvideValue(System.IServiceProvider)">
            <summary>Für die interne Verwendung durch die XAML-Infrastruktur.</summary>
        </member>
        <member name="P:Xamarin.Forms.Xaml.OnPlatformExtension.Tizen">
            <summary>Für die interne Verwendung durch die XAML-Infrastruktur.</summary>
        </member>
        <member name="P:Xamarin.Forms.Xaml.OnPlatformExtension.UWP">
            <summary>Für die interne Verwendung durch die XAML-Infrastruktur.</summary>
        </member>
        <member name="P:Xamarin.Forms.Xaml.OnPlatformExtension.WPF">
            <summary>Für die interne Verwendung durch die XAML-Infrastruktur.</summary>
        </member>
        <member name="T:Xamarin.Forms.Xaml.ReferenceExtension">
            <summary>Der Markuperweiterung zum Verweisen auf andere XAML-definierte Typen.</summary>
        </member>
        <member name="C:Xamarin.Forms.Xaml.ReferenceExtension">
            <summary>Erstellt eine neue <see cref="T:Xamarin.Forms.Xaml.ReferenceExtension" />-Klasse mit Standardwerten.</summary>
        </member>
        <member name="P:Xamarin.Forms.Xaml.ReferenceExtension.Name">
            <summary>Ruft den Namen der Entität ab, auf die verwiesen werden soll, bzw. legt diesen fest.</summary>
        </member>
        <member name="M:Xamarin.Forms.Xaml.ReferenceExtension.ProvideValue(System.IServiceProvider)">
            <param name="serviceProvider">Für die interne Verwendung durch die XAML-Infrastruktur.</param>
            <summary>Gibt ein Objekt zurück, das den Typ darstellt, auf den verwiesen wurde.</summary>
        </member>
        <member name="T:Xamarin.Forms.Xaml.RelativeSourceExtension" />
        <member name="C:Xamarin.Forms.Xaml.RelativeSourceExtension" />
        <member name="P:Xamarin.Forms.Xaml.RelativeSourceExtension.AncestorLevel" />
        <member name="P:Xamarin.Forms.Xaml.RelativeSourceExtension.AncestorType" />
        <member name="P:Xamarin.Forms.Xaml.RelativeSourceExtension.Mode" />
        <member name="M:Xamarin.Forms.Xaml.RelativeSourceExtension.ProvideValue(System.IServiceProvider)" />
        <member name="M:Xamarin.Forms.Xaml.RelativeSourceExtension.Xamarin#Forms#Xaml#IMarkupExtension{Xamarin#Forms#RelativeBindingSource}#ProvideValue(System.IServiceProvider)" />
        <member name="T:Xamarin.Forms.Xaml.StaticExtension">
            <summary>Eine Markuperweiterung, die einen statischen Memberwert abruft.</summary>
        </member>
        <member name="C:Xamarin.Forms.Xaml.StaticExtension">
            <summary>Erstellt ein neues <see cref="T:Xamarin.Forms.Xaml.StaticExtension" />-Objekt mit Standardwerten.</summary>
        </member>
        <member name="P:Xamarin.Forms.Xaml.StaticExtension.Member">
            <summary>Ruft den Membernamen ab oder legt diesen fest.</summary>
        </member>
        <member name="M:Xamarin.Forms.Xaml.StaticExtension.ProvideValue(System.IServiceProvider)">
            <param name="serviceProvider">Für die interne Verwendung durch die XAML-Infrastruktur.</param>
            <summary>Gibt den Wert des Members zurück.</summary>
        </member>
        <member name="T:Xamarin.Forms.Xaml.StaticResourceExtension">
            <summary>Für die interne Verwendung durch die XAML-Infrastruktur.</summary>
        </member>
        <member name="C:Xamarin.Forms.Xaml.StaticResourceExtension">
            <summary>Für die interne Verwendung durch die XAML-Infrastruktur.</summary>
        </member>
        <member name="P:Xamarin.Forms.Xaml.StaticResourceExtension.Key">
            <summary>Für die interne Verwendung durch die XAML-Infrastruktur.</summary>
        </member>
        <member name="M:Xamarin.Forms.Xaml.StaticResourceExtension.ProvideValue(System.IServiceProvider)">
            <param name="serviceProvider">Für die interne Verwendung durch die XAML-Infrastruktur.</param>
            <summary>Für die interne Verwendung durch die XAML-Infrastruktur.</summary>
        </member>
        <member name="T:Xamarin.Forms.Xaml.StyleSheetExtension">
            <summary>Für die interne Verwendung durch die XAML-Infrastruktur.</summary>
        </member>
        <member name="C:Xamarin.Forms.Xaml.StyleSheetExtension">
            <summary>Für die interne Verwendung durch die XAML-Infrastruktur.</summary>
        </member>
        <member name="P:Xamarin.Forms.Xaml.StyleSheetExtension.Source">
            <summary>Für die interne Verwendung durch die XAML-Infrastruktur.</summary>
            <value>Für die interne Verwendung durch die XAML-Infrastruktur.</value>
        </member>
        <member name="P:Xamarin.Forms.Xaml.StyleSheetExtension.Style">
            <summary>Für die interne Verwendung durch die XAML-Infrastruktur.</summary>
            <value>Für die interne Verwendung durch die XAML-Infrastruktur.</value>
        </member>
        <member name="M:Xamarin.Forms.Xaml.StyleSheetExtension.Xamarin#Forms#Xaml#IValueProvider#ProvideValue(System.IServiceProvider)">
            <param name="serviceProvider">Für die interne Verwendung durch die XAML-Infrastruktur.</param>
            <summary>Für die interne Verwendung durch die XAML-Infrastruktur.</summary>
            <returns>Für die interne Verwendung durch die XAML-Infrastruktur.</returns>
        </member>
        <member name="T:Xamarin.Forms.Xaml.TemplateBindingExtension">
            <summary>Für die interne Verwendung durch die XAML-Infrastruktur.</summary>
        </member>
        <member name="C:Xamarin.Forms.Xaml.TemplateBindingExtension">
            <summary>Für die interne Verwendung durch die XAML-Infrastruktur.</summary>
        </member>
        <member name="P:Xamarin.Forms.Xaml.TemplateBindingExtension.Converter">
            <summary>Für die interne Verwendung durch die XAML-Infrastruktur.</summary>
        </member>
        <member name="P:Xamarin.Forms.Xaml.TemplateBindingExtension.ConverterParameter">
            <summary>Für die interne Verwendung durch die XAML-Infrastruktur.</summary>
        </member>
        <member name="P:Xamarin.Forms.Xaml.TemplateBindingExtension.Mode">
            <summary>Für die interne Verwendung durch die XAML-Infrastruktur.</summary>
        </member>
        <member name="P:Xamarin.Forms.Xaml.TemplateBindingExtension.Path">
            <summary>Für die interne Verwendung durch die XAML-Infrastruktur.</summary>
        </member>
        <member name="P:Xamarin.Forms.Xaml.TemplateBindingExtension.StringFormat">
            <summary>Für die interne Verwendung durch die XAML-Infrastruktur.</summary>
        </member>
        <member name="M:Xamarin.Forms.Xaml.TemplateBindingExtension.Xamarin#Forms#Xaml#IMarkupExtension#ProvideValue(System.IServiceProvider)">
            <param name="serviceProvider">Für die interne Verwendung durch die XAML-Infrastruktur.</param>
            <summary>Für die interne Verwendung durch die XAML-Infrastruktur.</summary>
        </member>
        <member name="M:Xamarin.Forms.Xaml.TemplateBindingExtension.Xamarin#Forms#Xaml#IMarkupExtension{Xamarin#Forms#BindingBase}#ProvideValue(System.IServiceProvider)">
            <param name="serviceProvider">Für die interne Verwendung durch die XAML-Infrastruktur.</param>
            <summary>Für die interne Verwendung durch die XAML-Infrastruktur.</summary>
        </member>
        <member name="T:Xamarin.Forms.Xaml.TypeExtension">
            <summary>Für die interne Verwendung durch die XAML-Infrastruktur.</summary>
        </member>
        <member name="C:Xamarin.Forms.Xaml.TypeExtension">
            <summary>Für die interne Verwendung durch die XAML-Infrastruktur.</summary>
        </member>
        <member name="M:Xamarin.Forms.Xaml.TypeExtension.ProvideValue(System.IServiceProvider)">
            <param name="serviceProvider">Für die interne Verwendung durch die XAML-Infrastruktur.</param>
            <summary>Für die interne Verwendung durch die XAML-Infrastruktur.</summary>
        </member>
        <member name="P:Xamarin.Forms.Xaml.TypeExtension.TypeName">
            <summary>Für die interne Verwendung durch die XAML-Infrastruktur.</summary>
        </member>
        <member name="M:Xamarin.Forms.Xaml.TypeExtension.Xamarin#Forms#Xaml#IMarkupExtension#ProvideValue(System.IServiceProvider)">
            <param name="serviceProvider">Für die interne Verwendung durch die XAML-Infrastruktur.</param>
            <summary>Für die interne Verwendung durch die XAML-Infrastruktur.</summary>
        </member>
        <member name="T:Xamarin.Forms.Xaml.XamlCompilationAttribute">
            <summary>Attribut, das kontrolliert, ob XAML zur Buildzeit oder zur Runtime kompiliert wird.</summary>
        </member>
        <member name="C:Xamarin.Forms.Xaml.XamlCompilationAttribute(Xamarin.Forms.Xaml.XamlCompilationOptions)">
            <param name="xamlCompilationOptions">Ein Wert, der angibt, ob XAML zur Runtime oder zur Kompilierzeit kompiliert wird.</param>
            <summary>Erstellt eine neue <see cref="T:Xamarin.Forms.Xaml.XamlCompilationAttribute" />-Klasse mit dem angegebenen Wert.</summary>
        </member>
        <member name="P:Xamarin.Forms.Xaml.XamlCompilationAttribute.XamlCompilationOptions">
            <summary>Ruft einen Wert ab, der angibt, ob XAML zur Runtime oder zur Kompilierzeit kompiliert wird, oder legt diesen fest.</summary>
        </member>
        <member name="T:Xamarin.Forms.Xaml.XamlCompilationOptions">
            <summary>Listet Werte auf, die steuern, ob die XAML in IL kompiliert wird.</summary>
        </member>
        <member name="F:Xamarin.Forms.Xaml.XamlCompilationOptions.Compile">
            <summary>Kompiliert die XAML für die Klasse oder das Projekt, wenn die Anwendung erstellt wird.</summary>
        </member>
        <member name="F:Xamarin.Forms.Xaml.XamlCompilationOptions.Skip">
            <summary>Kompiliert die XAML für die Klasse oder das Projekt, wenn die Anwendung auf dem Gerät ausgeführt wird.</summary>
        </member>
        <member name="T:Xamarin.Forms.Xaml.XamlFilePathAttribute">
            <summary>Für die interne Verwendung durch die XAML-Infrastruktur.</summary>
        </member>
        <member name="C:Xamarin.Forms.Xaml.XamlFilePathAttribute(System.String)">
            <param name="filePath">Für die interne Verwendung durch die XAML-Infrastruktur.</param>
            <summary>Für die interne Verwendung durch die XAML-Infrastruktur.</summary>
        </member>
        <member name="P:Xamarin.Forms.Xaml.XamlFilePathAttribute.FilePath">
            <summary>Für die interne Verwendung durch die XAML-Infrastruktur.</summary>
            <value>Für die interne Verwendung durch die XAML-Infrastruktur.</value>
        </member>
        <member name="T:Xamarin.Forms.Xaml.Internals.NameScopeProvider">
            <summary>Für die interne Verwendung durch die Xamarin.Forms-Plattform.</summary>
        </member>
        <member name="C:Xamarin.Forms.Xaml.Internals.NameScopeProvider">
            <summary>Für die interne Verwendung durch die Xamarin.Forms-Plattform.</summary>
        </member>
        <member name="P:Xamarin.Forms.Xaml.Internals.NameScopeProvider.NameScope">
            <summary>Für die interne Verwendung durch die Xamarin.Forms-Plattform.</summary>
        </member>
        <member name="T:Xamarin.Forms.Xaml.Internals.SimpleValueTargetProvider">
            <summary>Für die interne Verwendung durch die Xamarin.Forms-Plattform.</summary>
        </member>
        <member name="C:Xamarin.Forms.Xaml.Internals.SimpleValueTargetProvider(System.Object[])">
            <param name="objectAndParents">Für die interne Verwendung durch die Xamarin.Forms-Plattform.</param>
            <summary>Für die interne Verwendung durch die Xamarin.Forms-Plattform.</summary>
        </member>
        <member name="C:Xamarin.Forms.Xaml.Internals.SimpleValueTargetProvider(System.Object[],System.Object)">
            <param name="objectAndParents">Für die interne Verwendung durch die Xamarin.Forms-Plattform.</param>
            <param name="targetProperty">Für die interne Verwendung durch die Xamarin.Forms-Plattform.</param>
            <summary>Für die interne Verwendung durch die Xamarin.Forms-Plattform.</summary>
        </member>
        <member name="C:Xamarin.Forms.Xaml.Internals.SimpleValueTargetProvider(System.Object[],System.Object,Xamarin.Forms.Internals.INameScope)">
            <summary>Für die interne Verwendung durch die Xamarin.Forms-Plattform.</summary>
        </member>
        <member name="M:Xamarin.Forms.Xaml.Internals.SimpleValueTargetProvider.FindByName(System.String)">
            <summary>Für die interne Verwendung durch die XAML-Infrastruktur.</summary>
        </member>
        <member name="P:Xamarin.Forms.Xaml.Internals.SimpleValueTargetProvider.Xamarin#Forms#Xaml#IProvideValueTarget#TargetObject">
            <summary>Für die interne Verwendung durch die Xamarin.Forms-Plattform.</summary>
        </member>
        <member name="P:Xamarin.Forms.Xaml.Internals.SimpleValueTargetProvider.Xamarin#Forms#Xaml#IProvideValueTarget#TargetProperty">
            <summary>Für die interne Verwendung durch die Xamarin.Forms-Plattform.</summary>
        </member>
        <member name="T:Xamarin.Forms.Xaml.Internals.XamlLoader">
            <summary>Für die interne Verwendung durch die Xamarin.Forms-Plattform.</summary>
        </member>
        <member name="P:Xamarin.Forms.Xaml.Internals.XamlLoader.XamlFileProvider">
            <summary>Für die interne Verwendung durch die Xamarin.Forms-Plattform.</summary>
        </member>
        <member name="T:Xamarin.Forms.Xaml.Internals.XamlServiceProvider">
            <summary>Für die interne Verwendung durch die Xamarin.Forms-Plattform.</summary>
        </member>
        <member name="C:Xamarin.Forms.Xaml.Internals.XamlServiceProvider">
            <summary>Für die interne Verwendung durch die Xamarin.Forms-Plattform.</summary>
        </member>
        <member name="M:Xamarin.Forms.Xaml.Internals.XamlServiceProvider.Add(System.Type,System.Object)">
            <param name="type">Für die interne Verwendung durch die Xamarin.Forms-Plattform.</param>
            <param name="service">Für die interne Verwendung durch die Xamarin.Forms-Plattform.</param>
            <summary>Für die interne Verwendung durch die Xamarin.Forms-Plattform.</summary>
        </member>
        <member name="M:Xamarin.Forms.Xaml.Internals.XamlServiceProvider.GetService(System.Type)">
            <param name="serviceType">Für die interne Verwendung durch die Xamarin.Forms-Plattform.</param>
            <summary>Für die interne Verwendung durch die Xamarin.Forms-Plattform.</summary>
        </member>
        <member name="T:Xamarin.Forms.Xaml.Internals.XamlTypeResolver">
            <summary>Für die interne Verwendung durch die Xamarin.Forms-Plattform.</summary>
        </member>
        <member name="C:Xamarin.Forms.Xaml.Internals.XamlTypeResolver(System.Xml.IXmlNamespaceResolver,System.Reflection.Assembly)">
            <param name="namespaceResolver">Für die interne Verwendung durch die Xamarin.Forms-Plattform.</param>
            <param name="currentAssembly">Für die interne Verwendung durch die Xamarin.Forms-Plattform.</param>
            <summary>Für die interne Verwendung durch die Xamarin.Forms-Plattform.</summary>
        </member>
        <member name="M:Xamarin.Forms.Xaml.Internals.XamlTypeResolver.Xamarin#Forms#Xaml#IXamlTypeResolver#Resolve(System.String,System.IServiceProvider)">
            <param name="qualifiedTypeName">Für die interne Verwendung durch die Xamarin.Forms-Plattform.</param>
            <param name="serviceProvider">Für die interne Verwendung durch die Xamarin.Forms-Plattform.</param>
            <summary>Für die interne Verwendung durch die Xamarin.Forms-Plattform.</summary>
        </member>
        <member name="M:Xamarin.Forms.Xaml.Internals.XamlTypeResolver.Xamarin#Forms#Xaml#IXamlTypeResolver#TryResolve(System.String,System.Type)" />
        <member name="T:Xamarin.Forms.Xaml.Internals.XmlLineInfoProvider">
            <summary>Für die interne Verwendung durch die Xamarin.Forms-Plattform.</summary>
        </member>
        <member name="C:Xamarin.Forms.Xaml.Internals.XmlLineInfoProvider(System.Xml.IXmlLineInfo)">
            <param name="xmlLineInfo">Für die interne Verwendung durch die Xamarin.Forms-Plattform.</param>
            <summary>Für die interne Verwendung durch die Xamarin.Forms-Plattform.</summary>
        </member>
        <member name="P:Xamarin.Forms.Xaml.Internals.XmlLineInfoProvider.XmlLineInfo">
            <summary>Für die interne Verwendung durch die Xamarin.Forms-Plattform.</summary>
        </member>
        <member name="T:Xamarin.Forms.Xaml.Internals.XmlNamespaceResolver">
            <summary>Für die interne Verwendung durch die Xamarin.Forms-Plattform.</summary>
        </member>
        <member name="C:Xamarin.Forms.Xaml.Internals.XmlNamespaceResolver">
            <summary>Für die interne Verwendung durch die Xamarin.Forms-Plattform.</summary>
        </member>
        <member name="M:Xamarin.Forms.Xaml.Internals.XmlNamespaceResolver.Add(System.String,System.String)">
            <param name="prefix">Für die interne Verwendung durch die Xamarin.Forms-Plattform.</param>
            <param name="ns">Für die interne Verwendung durch die Xamarin.Forms-Plattform.</param>
            <summary>Für die interne Verwendung durch die Xamarin.Forms-Plattform.</summary>
        </member>
        <member name="M:Xamarin.Forms.Xaml.Internals.XmlNamespaceResolver.GetNamespacesInScope(System.Xml.XmlNamespaceScope)">
            <param name="scope">Für die interne Verwendung durch die Xamarin.Forms-Plattform.</param>
            <summary>Für die interne Verwendung durch die Xamarin.Forms-Plattform.</summary>
        </member>
        <member name="M:Xamarin.Forms.Xaml.Internals.XmlNamespaceResolver.LookupNamespace(System.String)">
            <param name="prefix">Für die interne Verwendung durch die Xamarin.Forms-Plattform.</param>
            <summary>Für die interne Verwendung durch die Xamarin.Forms-Plattform.</summary>
        </member>
        <member name="M:Xamarin.Forms.Xaml.Internals.XmlNamespaceResolver.LookupPrefix(System.String)">
            <param name="namespaceName">Für die interne Verwendung durch die Xamarin.Forms-Plattform.</param>
            <summary>Für die interne Verwendung durch die Xamarin.Forms-Plattform.</summary>
        </member>
    </members>
</doc>
