﻿<?xml version="1.0" encoding="utf-8"?>
<Roots >
  <Roots.Interfaces>
    <RootInterface FullName="Windows.UI.Xaml.Data.IValueConverter" />
  </Roots.Interfaces>
  <Roots.PropertyPathNames>
    <RootPropertyPathName Name="Color" />
  </Roots.PropertyPathNames>
  <Roots.RootTypes>
    <RootType FullName="Windows.UI.Xaml.Controls.ContentPresenter">
      <RootProperty Name="Background" />
      <RootProperty Name="Resources" />
      <RootProperty Name="Content" />
    </RootType>
    <RootType FullName="Syncfusion.XForms.UWP.TextInputLayout.NativeColorConverter" />
    <RootType FullName="Windows.UI.Xaml.Shapes.Path">
      <RootProperty Name="Fill" />
      <RootProperty Name="Height" />
      <RootProperty Name="Width" />
      <RootProperty Name="Stretch" />
      <RootProperty Name="Stroke" />
      <RootProperty Name="Data" />
    </RootType>
    <RootType FullName="Windows.UI.Xaml.Data.Binding">
      <RootProperty Name="Converter" />
    </RootType>
    <RootType FullName="Microsoft.Xaml.DirectUI.ProxyTypes.StaticResourceExtension" />
    <RootType FullName="Syncfusion.XForms.UWP.TextInputLayout.ClearButtonViewVisibleIcon" />
    <RootType FullName="Syncfusion.XForms.UWP.TextInputLayout.DropDownIcon" />
    <RootType FullName="Syncfusion.XForms.UWP.TextInputLayout.ToggleCollapsedIcon" />
    <RootType FullName="Syncfusion.XForms.UWP.TextInputLayout.ToggleVisibleIcon" />
  </Roots.RootTypes>
</Roots>
