<doc>
    <assembly>
        <name>Xamarin.Forms.Xaml</name>
    </assembly>
    <members>
        <member name="T:Xamarin.Forms.Xaml.ArrayExtension">
            <summary>供 XAML 基礎結構內部使用。</summary>
        </member>
        <member name="C:Xamarin.Forms.Xaml.ArrayExtension">
            <summary>供 XAML 基礎結構內部使用。</summary>
        </member>
        <member name="P:Xamarin.Forms.Xaml.ArrayExtension.Items">
            <summary>供 XAML 基礎結構內部使用。</summary>
        </member>
        <member name="M:Xamarin.Forms.Xaml.ArrayExtension.ProvideValue(System.IServiceProvider)">
            <param name="serviceProvider">供 XAML 基礎結構內部使用。</param>
            <summary>供 XAML 基礎結構內部使用。</summary>
        </member>
        <member name="P:Xamarin.Forms.Xaml.ArrayExtension.Type">
            <summary>供 XAML 基礎結構內部使用。</summary>
        </member>
        <member name="M:Xamarin.Forms.Xaml.ArrayExtension.Xamarin#Forms#Xaml#IMarkupExtension#ProvideValue(System.IServiceProvider)">
            <param name="serviceProvider">供 XAML 基礎結構內部使用。</param>
            <summary>供 XAML 基礎結構內部使用。</summary>
        </member>
        <member name="T:Xamarin.Forms.Xaml.BindingExtension">
            <summary>供 XAML 基礎結構內部使用。</summary>
        </member>
        <member name="C:Xamarin.Forms.Xaml.BindingExtension">
            <summary>供 XAML 基礎結構內部使用。</summary>
        </member>
        <member name="P:Xamarin.Forms.Xaml.BindingExtension.Converter">
            <summary>供 XAML 基礎結構內部使用。</summary>
        </member>
        <member name="P:Xamarin.Forms.Xaml.BindingExtension.ConverterParameter">
            <summary>供 XAML 基礎結構內部使用。</summary>
        </member>
        <member name="P:Xamarin.Forms.Xaml.BindingExtension.FallbackValue">
            <summary>供 XAML 基礎結構內部使用。</summary>
        </member>
        <member name="P:Xamarin.Forms.Xaml.BindingExtension.Mode">
            <summary>供 XAML 基礎結構內部使用。</summary>
        </member>
        <member name="P:Xamarin.Forms.Xaml.BindingExtension.Path">
            <summary>供 XAML 基礎結構內部使用。</summary>
        </member>
        <member name="P:Xamarin.Forms.Xaml.BindingExtension.Source">
            <summary>供 XAML 基礎結構內部使用。</summary>
        </member>
        <member name="P:Xamarin.Forms.Xaml.BindingExtension.StringFormat">
            <summary>供 XAML 基礎結構內部使用。</summary>
        </member>
        <member name="P:Xamarin.Forms.Xaml.BindingExtension.TargetNullValue">
            <summary>供 XAML 基礎結構內部使用。</summary>
        </member>
        <member name="P:Xamarin.Forms.Xaml.BindingExtension.TypedBinding">
            <summary>供 XAML 基礎結構內部使用。</summary>
        </member>
        <member name="P:Xamarin.Forms.Xaml.BindingExtension.UpdateSourceEventName">
            <summary>供 XAML 基礎結構內部使用。</summary>
        </member>
        <member name="M:Xamarin.Forms.Xaml.BindingExtension.Xamarin#Forms#Xaml#IMarkupExtension#ProvideValue(System.IServiceProvider)">
            <param name="serviceProvider">供 XAML 基礎結構內部使用。</param>
            <summary>供 XAML 基礎結構內部使用。</summary>
        </member>
        <member name="M:Xamarin.Forms.Xaml.BindingExtension.Xamarin#Forms#Xaml#IMarkupExtension{Xamarin#Forms#BindingBase}#ProvideValue(System.IServiceProvider)">
            <param name="serviceProvider">供 XAML 基礎結構內部使用。</param>
            <summary>供 XAML 基礎結構內部使用。</summary>
        </member>
        <member name="T:Xamarin.Forms.Xaml.DataTemplateExtension" />
        <member name="C:Xamarin.Forms.Xaml.DataTemplateExtension" />
        <member name="M:Xamarin.Forms.Xaml.DataTemplateExtension.ProvideValue(System.IServiceProvider)" />
        <member name="P:Xamarin.Forms.Xaml.DataTemplateExtension.TypeName" />
        <member name="M:Xamarin.Forms.Xaml.DataTemplateExtension.Xamarin#Forms#Xaml#IMarkupExtension#ProvideValue(System.IServiceProvider)" />
        <member name="T:Xamarin.Forms.Xaml.DynamicResourceExtension">
            <summary>供 XAML 基礎結構內部使用。</summary>
        </member>
        <member name="C:Xamarin.Forms.Xaml.DynamicResourceExtension">
            <summary>內部。</summary>
        </member>
        <member name="P:Xamarin.Forms.Xaml.DynamicResourceExtension.Key">
            <summary>供 XAML 基礎結構內部使用。</summary>
        </member>
        <member name="M:Xamarin.Forms.Xaml.DynamicResourceExtension.ProvideValue(System.IServiceProvider)">
            <param name="serviceProvider">供 XAML 基礎結構內部使用。</param>
            <summary>供 XAML 基礎結構內部使用。</summary>
        </member>
        <member name="M:Xamarin.Forms.Xaml.DynamicResourceExtension.Xamarin#Forms#Xaml#IMarkupExtension{Xamarin#Forms#Internals#DynamicResource}#ProvideValue(System.IServiceProvider)">
            <param name="serviceProvider">供 XAML 基礎結構內部使用。</param>
            <summary>供 XAML 基礎結構內部使用。</summary>
        </member>
        <member name="T:Xamarin.Forms.Xaml.Extensions">
            <summary>定義 <see cref="M:Xamarin.Forms.Xaml.Extensions.LoadFromXaml``1(``0,System.String)" /> 方法的 <see cref="T:Xamarin.Forms.View" /> 延伸類別。</summary>
        </member>
        <member name="M:Xamarin.Forms.Xaml.Extensions.LoadFromXaml``1(``0,System.String)">
            <typeparam name="TXaml">初始化狀態從 [XAML] 檢視的型別。</typeparam>
            <param name="view">要在其上執行此方法的檢視。</param>
            <param name="xaml">編碼檢視狀態的 XAML。</param>
            <summary>透過載入指定的 <paramref name="xaml" /> 傳回初始化檢視。</summary>
            <returns>初始化的檢視。</returns>
        </member>
        <member name="M:Xamarin.Forms.Xaml.Extensions.LoadFromXaml``1(``0,System.Type)">
            <typeparam name="TXaml">初始化狀態從 [XAML] 檢視的型別。</typeparam>
            <param name="view">要在其上執行此方法的檢視。</param>
            <param name="callingType">呼叫者的類型。</param>
            <summary>傳回具有 <paramref name="callingType" /> 應用程式資訊清單中定義屬性的 <paramref name="TXaml" />。</summary>
            <returns>具有 <paramref name="callingType" /> 應用程式資訊清單中定義屬性的 <paramref name="TXaml" />。</returns>
        </member>
        <member name="T:Xamarin.Forms.Xaml.FontImageExtension" />
        <member name="C:Xamarin.Forms.Xaml.FontImageExtension" />
        <member name="P:Xamarin.Forms.Xaml.FontImageExtension.Color" />
        <member name="P:Xamarin.Forms.Xaml.FontImageExtension.FontFamily" />
        <member name="P:Xamarin.Forms.Xaml.FontImageExtension.Glyph" />
        <member name="M:Xamarin.Forms.Xaml.FontImageExtension.ProvideValue(System.IServiceProvider)" />
        <member name="P:Xamarin.Forms.Xaml.FontImageExtension.Size" />
        <member name="M:Xamarin.Forms.Xaml.FontImageExtension.Xamarin#Forms#Xaml#IMarkupExtension#ProvideValue(System.IServiceProvider)" />
        <member name="T:Xamarin.Forms.Xaml.NullExtension">
            <summary>區分 Null 值和空字串的延伸類別。</summary>
        </member>
        <member name="C:Xamarin.Forms.Xaml.NullExtension">
            <summary>使用預設值建立新的 <see cref="T:Xamarin.Forms.Xaml.NullExtension" /> 物件。</summary>
        </member>
        <member name="M:Xamarin.Forms.Xaml.NullExtension.ProvideValue(System.IServiceProvider)">
            <param name="serviceProvider">供 XAML 基礎結構內部使用。</param>
            <summary>傳回 Null 物件。</summary>
        </member>
        <member name="T:Xamarin.Forms.Xaml.OnIdiomExtension">
            <summary>供 XAML 基礎結構內部使用。</summary>
        </member>
        <member name="C:Xamarin.Forms.Xaml.OnIdiomExtension">
            <summary>供 XAML 基礎結構內部使用。</summary>
        </member>
        <member name="P:Xamarin.Forms.Xaml.OnIdiomExtension.Converter">
            <summary>供 XAML 基礎結構內部使用。</summary>
        </member>
        <member name="P:Xamarin.Forms.Xaml.OnIdiomExtension.ConverterParameter">
            <summary>供 XAML 基礎結構內部使用。</summary>
        </member>
        <member name="P:Xamarin.Forms.Xaml.OnIdiomExtension.Default">
            <summary>供 XAML 基礎結構內部使用。</summary>
        </member>
        <member name="P:Xamarin.Forms.Xaml.OnIdiomExtension.Desktop">
            <summary>供 XAML 基礎結構內部使用。</summary>
        </member>
        <member name="P:Xamarin.Forms.Xaml.OnIdiomExtension.Phone">
            <summary>供 XAML 基礎結構內部使用。</summary>
        </member>
        <member name="M:Xamarin.Forms.Xaml.OnIdiomExtension.ProvideValue(System.IServiceProvider)">
            <summary>供 XAML 基礎結構內部使用。</summary>
        </member>
        <member name="P:Xamarin.Forms.Xaml.OnIdiomExtension.Tablet">
            <summary>供 XAML 基礎結構內部使用。</summary>
        </member>
        <member name="P:Xamarin.Forms.Xaml.OnIdiomExtension.TV">
            <summary>供 XAML 基礎結構內部使用。</summary>
        </member>
        <member name="P:Xamarin.Forms.Xaml.OnIdiomExtension.Watch">
            <summary>供 XAML 基礎結構內部使用。</summary>
        </member>
        <member name="T:Xamarin.Forms.Xaml.OnPlatformExtension">
            <summary>供 XAML 基礎結構內部使用。</summary>
        </member>
        <member name="C:Xamarin.Forms.Xaml.OnPlatformExtension">
            <summary>供 XAML 基礎結構內部使用。</summary>
        </member>
        <member name="P:Xamarin.Forms.Xaml.OnPlatformExtension.Android">
            <summary>供 XAML 基礎結構內部使用。</summary>
        </member>
        <member name="P:Xamarin.Forms.Xaml.OnPlatformExtension.Converter">
            <summary>供 XAML 基礎結構內部使用。</summary>
        </member>
        <member name="P:Xamarin.Forms.Xaml.OnPlatformExtension.ConverterParameter">
            <summary>供 XAML 基礎結構內部使用。</summary>
        </member>
        <member name="P:Xamarin.Forms.Xaml.OnPlatformExtension.Default">
            <summary>供 XAML 基礎結構內部使用。</summary>
        </member>
        <member name="P:Xamarin.Forms.Xaml.OnPlatformExtension.GTK">
            <summary>供 XAML 基礎結構內部使用。</summary>
        </member>
        <member name="P:Xamarin.Forms.Xaml.OnPlatformExtension.iOS">
            <summary>供 XAML 基礎結構內部使用。</summary>
        </member>
        <member name="P:Xamarin.Forms.Xaml.OnPlatformExtension.macOS">
            <summary>供 XAML 基礎結構內部使用。</summary>
        </member>
        <member name="M:Xamarin.Forms.Xaml.OnPlatformExtension.ProvideValue(System.IServiceProvider)">
            <summary>供 XAML 基礎結構內部使用。</summary>
        </member>
        <member name="P:Xamarin.Forms.Xaml.OnPlatformExtension.Tizen">
            <summary>供 XAML 基礎結構內部使用。</summary>
        </member>
        <member name="P:Xamarin.Forms.Xaml.OnPlatformExtension.UWP">
            <summary>供 XAML 基礎結構內部使用。</summary>
        </member>
        <member name="P:Xamarin.Forms.Xaml.OnPlatformExtension.WPF">
            <summary>供 XAML 基礎結構內部使用。</summary>
        </member>
        <member name="T:Xamarin.Forms.Xaml.ReferenceExtension">
            <summary>參考其他 XAML 定義類型用的標記延伸。</summary>
        </member>
        <member name="C:Xamarin.Forms.Xaml.ReferenceExtension">
            <summary>使用預設值建立新的 <see cref="T:Xamarin.Forms.Xaml.ReferenceExtension" />。</summary>
        </member>
        <member name="P:Xamarin.Forms.Xaml.ReferenceExtension.Name">
            <summary>取得或設定要參考的實體名稱。</summary>
        </member>
        <member name="M:Xamarin.Forms.Xaml.ReferenceExtension.ProvideValue(System.IServiceProvider)">
            <param name="serviceProvider">供 XAML 基礎結構內部使用。</param>
            <summary>傳回物件，代表所參考的類型。</summary>
        </member>
        <member name="T:Xamarin.Forms.Xaml.RelativeSourceExtension" />
        <member name="C:Xamarin.Forms.Xaml.RelativeSourceExtension" />
        <member name="P:Xamarin.Forms.Xaml.RelativeSourceExtension.AncestorLevel" />
        <member name="P:Xamarin.Forms.Xaml.RelativeSourceExtension.AncestorType" />
        <member name="P:Xamarin.Forms.Xaml.RelativeSourceExtension.Mode" />
        <member name="M:Xamarin.Forms.Xaml.RelativeSourceExtension.ProvideValue(System.IServiceProvider)" />
        <member name="M:Xamarin.Forms.Xaml.RelativeSourceExtension.Xamarin#Forms#Xaml#IMarkupExtension{Xamarin#Forms#RelativeBindingSource}#ProvideValue(System.IServiceProvider)" />
        <member name="T:Xamarin.Forms.Xaml.StaticExtension">
            <summary>取得靜態成員值的標記延伸。</summary>
        </member>
        <member name="C:Xamarin.Forms.Xaml.StaticExtension">
            <summary>使用預設值建立新的 <see cref="T:Xamarin.Forms.Xaml.StaticExtension" /> 物件。</summary>
        </member>
        <member name="P:Xamarin.Forms.Xaml.StaticExtension.Member">
            <summary>取得或設定成員名稱。</summary>
        </member>
        <member name="M:Xamarin.Forms.Xaml.StaticExtension.ProvideValue(System.IServiceProvider)">
            <param name="serviceProvider">供 XAML 基礎結構內部使用。</param>
            <summary>傳回成員的值。</summary>
        </member>
        <member name="T:Xamarin.Forms.Xaml.StaticResourceExtension">
            <summary>供 XAML 基礎結構內部使用。</summary>
        </member>
        <member name="C:Xamarin.Forms.Xaml.StaticResourceExtension">
            <summary>供 XAML 基礎結構內部使用。</summary>
        </member>
        <member name="P:Xamarin.Forms.Xaml.StaticResourceExtension.Key">
            <summary>供 XAML 基礎結構內部使用。</summary>
        </member>
        <member name="M:Xamarin.Forms.Xaml.StaticResourceExtension.ProvideValue(System.IServiceProvider)">
            <param name="serviceProvider">供 XAML 基礎結構內部使用。</param>
            <summary>供 XAML 基礎結構內部使用。</summary>
        </member>
        <member name="T:Xamarin.Forms.Xaml.StyleSheetExtension">
            <summary>供 XAML 基礎結構內部使用。</summary>
        </member>
        <member name="C:Xamarin.Forms.Xaml.StyleSheetExtension">
            <summary>供 XAML 基礎結構內部使用。</summary>
        </member>
        <member name="P:Xamarin.Forms.Xaml.StyleSheetExtension.Source">
            <summary>供 XAML 基礎結構內部使用。</summary>
            <value>供 XAML 基礎結構內部使用。</value>
        </member>
        <member name="P:Xamarin.Forms.Xaml.StyleSheetExtension.Style">
            <summary>供 XAML 基礎結構內部使用。</summary>
            <value>供 XAML 基礎結構內部使用。</value>
        </member>
        <member name="M:Xamarin.Forms.Xaml.StyleSheetExtension.Xamarin#Forms#Xaml#IValueProvider#ProvideValue(System.IServiceProvider)">
            <param name="serviceProvider">供 XAML 基礎結構內部使用。</param>
            <summary>供 XAML 基礎結構內部使用。</summary>
            <returns>供 XAML 基礎結構內部使用。</returns>
        </member>
        <member name="T:Xamarin.Forms.Xaml.TemplateBindingExtension">
            <summary>供 XAML 基礎結構內部使用。</summary>
        </member>
        <member name="C:Xamarin.Forms.Xaml.TemplateBindingExtension">
            <summary>供 XAML 基礎結構內部使用。</summary>
        </member>
        <member name="P:Xamarin.Forms.Xaml.TemplateBindingExtension.Converter">
            <summary>供 XAML 基礎結構內部使用。</summary>
        </member>
        <member name="P:Xamarin.Forms.Xaml.TemplateBindingExtension.ConverterParameter">
            <summary>供 XAML 基礎結構內部使用。</summary>
        </member>
        <member name="P:Xamarin.Forms.Xaml.TemplateBindingExtension.Mode">
            <summary>供 XAML 基礎結構內部使用。</summary>
        </member>
        <member name="P:Xamarin.Forms.Xaml.TemplateBindingExtension.Path">
            <summary>供 XAML 基礎結構內部使用。</summary>
        </member>
        <member name="P:Xamarin.Forms.Xaml.TemplateBindingExtension.StringFormat">
            <summary>供 XAML 基礎結構內部使用。</summary>
        </member>
        <member name="M:Xamarin.Forms.Xaml.TemplateBindingExtension.Xamarin#Forms#Xaml#IMarkupExtension#ProvideValue(System.IServiceProvider)">
            <param name="serviceProvider">供 XAML 基礎結構內部使用。</param>
            <summary>供 XAML 基礎結構內部使用。</summary>
        </member>
        <member name="M:Xamarin.Forms.Xaml.TemplateBindingExtension.Xamarin#Forms#Xaml#IMarkupExtension{Xamarin#Forms#BindingBase}#ProvideValue(System.IServiceProvider)">
            <param name="serviceProvider">供 XAML 基礎結構內部使用。</param>
            <summary>供 XAML 基礎結構內部使用。</summary>
        </member>
        <member name="T:Xamarin.Forms.Xaml.TypeExtension">
            <summary>供 XAML 基礎結構內部使用。</summary>
        </member>
        <member name="C:Xamarin.Forms.Xaml.TypeExtension">
            <summary>供 XAML 基礎結構內部使用。</summary>
        </member>
        <member name="M:Xamarin.Forms.Xaml.TypeExtension.ProvideValue(System.IServiceProvider)">
            <param name="serviceProvider">供 XAML 基礎結構內部使用。</param>
            <summary>供 XAML 基礎結構內部使用。</summary>
        </member>
        <member name="P:Xamarin.Forms.Xaml.TypeExtension.TypeName">
            <summary>供 XAML 基礎結構內部使用。</summary>
        </member>
        <member name="M:Xamarin.Forms.Xaml.TypeExtension.Xamarin#Forms#Xaml#IMarkupExtension#ProvideValue(System.IServiceProvider)">
            <param name="serviceProvider">供 XAML 基礎結構內部使用。</param>
            <summary>供 XAML 基礎結構內部使用。</summary>
        </member>
        <member name="T:Xamarin.Forms.Xaml.XamlCompilationAttribute">
            <summary>此屬性控制在建置階段還是執行階段編譯 XAML。</summary>
        </member>
        <member name="C:Xamarin.Forms.Xaml.XamlCompilationAttribute(Xamarin.Forms.Xaml.XamlCompilationOptions)">
            <param name="xamlCompilationOptions">此值告知在執行階段還是編譯階段編譯 XAML。</param>
            <summary>使用指定的值建立新的 <see cref="T:Xamarin.Forms.Xaml.XamlCompilationAttribute" />。</summary>
        </member>
        <member name="P:Xamarin.Forms.Xaml.XamlCompilationAttribute.XamlCompilationOptions">
            <summary>取得或設定值，告知在執行階段還是編譯階段編譯 XAML。</summary>
        </member>
        <member name="T:Xamarin.Forms.Xaml.XamlCompilationOptions">
            <summary>列舉可控制何時將 XAML 編譯成 IL 的值。</summary>
        </member>
        <member name="F:Xamarin.Forms.Xaml.XamlCompilationOptions.Compile">
            <summary>建置應用程式時，編譯類別或專案的 XAML。</summary>
        </member>
        <member name="F:Xamarin.Forms.Xaml.XamlCompilationOptions.Skip">
            <summary>應用程式在裝置上執行時，編譯類別或專案的 XAML。</summary>
        </member>
        <member name="T:Xamarin.Forms.Xaml.XamlFilePathAttribute">
            <summary>供 XAML 基礎結構內部使用。</summary>
        </member>
        <member name="C:Xamarin.Forms.Xaml.XamlFilePathAttribute(System.String)">
            <param name="filePath">供 XAML 基礎結構內部使用。</param>
            <summary>供 XAML 基礎結構內部使用。</summary>
        </member>
        <member name="P:Xamarin.Forms.Xaml.XamlFilePathAttribute.FilePath">
            <summary>供 XAML 基礎結構內部使用。</summary>
            <value>供 XAML 基礎結構內部使用。</value>
        </member>
        <member name="T:Xamarin.Forms.Xaml.Internals.NameScopeProvider">
            <summary>供 Xamarin.Forms 平台內部使用。</summary>
        </member>
        <member name="C:Xamarin.Forms.Xaml.Internals.NameScopeProvider">
            <summary>供 Xamarin.Forms 平台內部使用。</summary>
        </member>
        <member name="P:Xamarin.Forms.Xaml.Internals.NameScopeProvider.NameScope">
            <summary>供 Xamarin.Forms 平台內部使用。</summary>
        </member>
        <member name="T:Xamarin.Forms.Xaml.Internals.SimpleValueTargetProvider">
            <summary>供 Xamarin.Forms 平台內部使用。</summary>
        </member>
        <member name="C:Xamarin.Forms.Xaml.Internals.SimpleValueTargetProvider(System.Object[])">
            <param name="objectAndParents">供 Xamarin.Forms 平台內部使用。</param>
            <summary>供 Xamarin.Forms 平台內部使用。</summary>
        </member>
        <member name="C:Xamarin.Forms.Xaml.Internals.SimpleValueTargetProvider(System.Object[],System.Object)">
            <param name="objectAndParents">供 Xamarin.Forms 平台內部使用。</param>
            <param name="targetProperty">供 Xamarin.Forms 平台內部使用。</param>
            <summary>供 Xamarin.Forms 平台內部使用。</summary>
        </member>
        <member name="C:Xamarin.Forms.Xaml.Internals.SimpleValueTargetProvider(System.Object[],System.Object,Xamarin.Forms.Internals.INameScope)">
            <summary>供 Xamarin.Forms 平台內部使用。</summary>
        </member>
        <member name="M:Xamarin.Forms.Xaml.Internals.SimpleValueTargetProvider.FindByName(System.String)">
            <summary>供 XAML 基礎結構內部使用。</summary>
        </member>
        <member name="P:Xamarin.Forms.Xaml.Internals.SimpleValueTargetProvider.Xamarin#Forms#Xaml#IProvideValueTarget#TargetObject">
            <summary>供 Xamarin.Forms 平台內部使用。</summary>
        </member>
        <member name="P:Xamarin.Forms.Xaml.Internals.SimpleValueTargetProvider.Xamarin#Forms#Xaml#IProvideValueTarget#TargetProperty">
            <summary>供 Xamarin.Forms 平台內部使用。</summary>
        </member>
        <member name="T:Xamarin.Forms.Xaml.Internals.XamlLoader">
            <summary>供 Xamarin.Forms 平台內部使用。</summary>
        </member>
        <member name="P:Xamarin.Forms.Xaml.Internals.XamlLoader.XamlFileProvider">
            <summary>供 Xamarin.Forms 平台內部使用。</summary>
        </member>
        <member name="T:Xamarin.Forms.Xaml.Internals.XamlServiceProvider">
            <summary>供 Xamarin.Forms 平台內部使用。</summary>
        </member>
        <member name="C:Xamarin.Forms.Xaml.Internals.XamlServiceProvider">
            <summary>供 Xamarin.Forms 平台內部使用。</summary>
        </member>
        <member name="M:Xamarin.Forms.Xaml.Internals.XamlServiceProvider.Add(System.Type,System.Object)">
            <param name="type">供 Xamarin.Forms 平台內部使用。</param>
            <param name="service">供 Xamarin.Forms 平台內部使用。</param>
            <summary>供 Xamarin.Forms 平台內部使用。</summary>
        </member>
        <member name="M:Xamarin.Forms.Xaml.Internals.XamlServiceProvider.GetService(System.Type)">
            <param name="serviceType">供 Xamarin.Forms 平台內部使用。</param>
            <summary>供 Xamarin.Forms 平台內部使用。</summary>
        </member>
        <member name="T:Xamarin.Forms.Xaml.Internals.XamlTypeResolver">
            <summary>供 Xamarin.Forms 平台內部使用。</summary>
        </member>
        <member name="C:Xamarin.Forms.Xaml.Internals.XamlTypeResolver(System.Xml.IXmlNamespaceResolver,System.Reflection.Assembly)">
            <param name="namespaceResolver">供 Xamarin.Forms 平台內部使用。</param>
            <param name="currentAssembly">供 Xamarin.Forms 平台內部使用。</param>
            <summary>供 Xamarin.Forms 平台內部使用。</summary>
        </member>
        <member name="M:Xamarin.Forms.Xaml.Internals.XamlTypeResolver.Xamarin#Forms#Xaml#IXamlTypeResolver#Resolve(System.String,System.IServiceProvider)">
            <param name="qualifiedTypeName">供 Xamarin.Forms 平台內部使用。</param>
            <param name="serviceProvider">供 Xamarin.Forms 平台內部使用。</param>
            <summary>供 Xamarin.Forms 平台內部使用。</summary>
        </member>
        <member name="M:Xamarin.Forms.Xaml.Internals.XamlTypeResolver.Xamarin#Forms#Xaml#IXamlTypeResolver#TryResolve(System.String,System.Type)" />
        <member name="T:Xamarin.Forms.Xaml.Internals.XmlLineInfoProvider">
            <summary>供 Xamarin.Forms 平台內部使用。</summary>
        </member>
        <member name="C:Xamarin.Forms.Xaml.Internals.XmlLineInfoProvider(System.Xml.IXmlLineInfo)">
            <param name="xmlLineInfo">供 Xamarin.Forms 平台內部使用。</param>
            <summary>供 Xamarin.Forms 平台內部使用。</summary>
        </member>
        <member name="P:Xamarin.Forms.Xaml.Internals.XmlLineInfoProvider.XmlLineInfo">
            <summary>供 Xamarin.Forms 平台內部使用。</summary>
        </member>
        <member name="T:Xamarin.Forms.Xaml.Internals.XmlNamespaceResolver">
            <summary>供 Xamarin.Forms 平台內部使用。</summary>
        </member>
        <member name="C:Xamarin.Forms.Xaml.Internals.XmlNamespaceResolver">
            <summary>供 Xamarin.Forms 平台內部使用。</summary>
        </member>
        <member name="M:Xamarin.Forms.Xaml.Internals.XmlNamespaceResolver.Add(System.String,System.String)">
            <param name="prefix">供 Xamarin.Forms 平台內部使用。</param>
            <param name="ns">供 Xamarin.Forms 平台內部使用。</param>
            <summary>供 Xamarin.Forms 平台內部使用。</summary>
        </member>
        <member name="M:Xamarin.Forms.Xaml.Internals.XmlNamespaceResolver.GetNamespacesInScope(System.Xml.XmlNamespaceScope)">
            <param name="scope">供 Xamarin.Forms 平台內部使用。</param>
            <summary>供 Xamarin.Forms 平台內部使用。</summary>
        </member>
        <member name="M:Xamarin.Forms.Xaml.Internals.XmlNamespaceResolver.LookupNamespace(System.String)">
            <param name="prefix">供 Xamarin.Forms 平台內部使用。</param>
            <summary>供 Xamarin.Forms 平台內部使用。</summary>
        </member>
        <member name="M:Xamarin.Forms.Xaml.Internals.XmlNamespaceResolver.LookupPrefix(System.String)">
            <param name="namespaceName">供 Xamarin.Forms 平台內部使用。</param>
            <summary>供 Xamarin.Forms 平台內部使用。</summary>
        </member>
    </members>
</doc>
